{"cameraMode":{"drawMode":0,"name":"Shaded","section":"Shading Mode"},"sceneLighting":true,"audioPlay":false,"sceneViewState":{"m_AlwaysRefresh":false,"showFog":true,"showSkybox":true,"showFlares":true,"showImageEffects":true,"showParticleSystems":true,"showVisualEffectGraphs":true,"m_FxEnabled":true},"in2DMode":false,"pivot":{"x":2.971496343612671,"y":3.55053973197937,"z":-2.5739715099334719},"rotation":{"x":-0.007246316876262426,"y":0.7419896125793457,"z":-0.008020889945328236,"w":-0.6703249216079712},"size":2.3003673553466799,"orthographic":false}